{"throughput": [0.79432, 1.20072, 0.02248, 0.00592, 0.00592, 0.00528, 0.04712, 0.00528, 0.04344, 0.11728, 0.11728, 0.11728, 0.00624, 0.00624, 0.00624, 0.00528, 0.0112, 0.01264, 0.03032, 0.04528, 0.08512, 0.00776, 0.00528, 0.00776, 0.00528, 0.024, 0.05, 0.00776, 0.0084, 0.00528, 0.0084, 0.00528, 0.10336, 0.03232, 0.0084, 0.00528, 0.00528, 0.0084, 0.10336, 0.10336, 0.10336, 0.10336, 0.00648, 0.10336, 0.02, 0.01688, 0.08016, 0.01304, 0.00584, 0.01056, 0.00776, 0.0084, 0.00528, 0.00528, 0.0084, 0.00528, 0.00528, 0.00528, 0.00528, 0.00528, 0.00528, 0.00528, 0.00528, 0.00528, 0.0072, 0.00528, 0.00528, 0.00528, 0.00528, 0.0072, 0.00528, 0.00528, 0.00432, 0.00432, 0.00528, 0.00432, 0.00432, 0.00528, 0.00528, 0.00528, 0.00528, 0.00528, 0.00528, 0.0072, 0.00528, 0.00528, 0.0072, 0.00528, 0.00528, 0.0072, 0.00528, 0.00528, 0.00528, 0.00432, 0.00432, 0.00432], "time": [0.012767, 0.112767, 0.212767, 0.312767, 0.412767, 0.512767, 0.612767, 0.712767, 0.812767, 0.912767, 1.012767, 1.112767, 1.212767, 1.312767, 1.412767, 1.512767, 1.612767, 1.712767, 1.812767, 1.912767, 2.012767, 2.112767, 2.212767, 2.312767, 2.412767, 2.512767, 2.612767, 2.712767, 2.812767, 2.912767, 3.012767, 3.112767, 3.212767, 3.312767, 3.412767, 3.512767, 3.612767, 3.712767, 3.812767, 3.912767, 4.012767, 4.112767, 4.212767, 4.312767, 4.412767, 4.512767, 4.612767, 4.712767, 4.812767, 4.912767, 5.012767, 5.112767, 5.212767, 5.312767, 5.412767, 5.512767, 5.612767, 5.712767, 5.812767, 5.912767, 6.012767, 6.112767, 6.212767, 6.312767, 6.412767, 6.512767, 6.612767, 6.712767, 6.812767, 6.912767, 7.012767, 7.112767, 7.212767, 7.312767, 7.412767, 7.512767, 7.612767, 7.712767, 7.812767, 7.912767, 8.012767, 8.112767, 8.212767, 8.312767, 8.412767, 8.512767, 8.612767, 8.712767, 8.812767, 8.912767, 9.012767, 9.112767, 9.212767, 9.312767, 9.412767, 9.512767], "average_throughput": 0.22825476923076923, "burstiness": 3.918323384935589}